,Station,Time,EventId,Recorder,X1,X2,X3,X4,X5,X6,X7,X8,X9,X10,X11,X12,X13,X14,X15,X16,X17,X18,X19,X20,X21,X22,X23,X24,X25,X26,X27,X28,X29,X30,X31
1,1,8/28/2016 5:50,59,ST4300,114.6686738,-1,-1,-1,-1,0,-1,-1,-1,-1,0,-1,-1,-1,-1,0,-1,-1,-1,-1,0,-1,-1,-1,-1,0,-1,-1,-1,-1,0
2,1,8/28/2016 8:40,60,ST4300,153.877512,-1,-1,-1,-1,180,-1,-1,-1,-1,0,-1,-1,-1,-1,0,-1,-1,-1,-1,0,-1,-1,-1,-1,0,-1,-1,-1,-1,0
3,1,8/28/2016 11:00,62,ST4300,134.7296976,-1,-1,-1,-1,172.2563744,-1,-1,-1,-1,0,-1,-1,-1,-1,0,-1,-1,-1,-1,0,-1,-1,-1,-1,0,-1,-1,-1,-1,0
4,1,8/28/2016 16:30,64,ST4300,115.9065911,-1,-1,-1,-1,0,-1,-1,-1,-1,0,-1,-1,-1,-1,0,-1,-1,-1,-1,0,-1,-1,-1,-1,0,-1,-1,-1,-1,0
5,1,8/28/2016 19:30,65,ST4300,111.36043,-1,-1,-1,-1,123.3801117,-1,-1,-1,-1,0,-1,-1,-1,-1,0,-1,-1,-1,-1,0,-1,-1,-1,-1,0,-1,-1,-1,-1,0
6,4,8/22/2016 3:48,1,ST4300,123.5494615,-1,-1,-1,-1,0,-1,-1,-1,-1,0,-1,-1,-1,-1,0,-1,-1,-1,-1,0,-1,-1,-1,-1,0,-1,-1,-1,-1,0
7,4,8/22/2016 18:08,3,ST4300,105.5111249,-1,-1,-1,-1,0,-1,-1,-1,-1,0,-1,-1,-1,-1,0,-1,-1,-1,-1,0,-1,-1,-1,-1,0,-1,-1,-1,-1,0
8,4,8/23/2016 1:08,4,ST4300,120.9627827,-1,-1,-1,-1,129.0017109,-1,-1,-1,-1,0,-1,-1,-1,-1,0,-1,-1,-1,-1,115.7736111,-1,-1,-1,-1,0,-1,-1,-1,-1,0
9,4,8/23/2016 7:28,10,ST4300,124.3696141,-1,-1,-1,-1,0,-1,-1,-1,-1,0,-1,-1,-1,-1,0,-1,-1,-1,-1,0,-1,-1,-1,-1,0,-1,-1,-1,-1,0
10,4,8/24/2016 5:28,71,ST4300,109.612791,-1,-1,-1,-1,118.9914157,-1,-1,-1,-1,0,-1,-1,-1,-1,0,-1,-1,-1,-1,0,-1,-1,-1,-1,0,-1,-1,-1,-1,0
11,4,8/24/2016 8:48,14,ST4300,123.1403038,-1,-1,-1,-1,0,-1,-1,-1,-1,0,-1,-1,-1,-1,0,-1,-1,-1,-1,0,-1,-1,-1,-1,0,-1,-1,-1,-1,0
12,4,8/24/2016 23:48,72,ST4300,114.9528321,-1,-1,-1,-1,0,-1,-1,-1,-1,0,-1,-1,-1,-1,0,-1,-1,-1,-1,0,-1,-1,-1,-1,0,-1,-1,-1,-1,0
13,4,8/25/2016 2:38,16,ST4300,104.2661904,-1,-1,-1,-1,0,-1,-1,-1,-1,0,-1,-1,-1,-1,0,-1,-1,-1,-1,0,-1,-1,-1,-1,0,-1,-1,-1,-1,0
14,4,8/25/2016 7:18,18,ST4300,127.2561106,-1,-1,-1,-1,148.2393389,-1,-1,-1,-1,0,-1,-1,-1,-1,0,-1,-1,-1,-1,0,-1,-1,-1,-1,0,-1,-1,-1,-1,0
15,4,8/25/2016 15:58,73,ST4300,106.5127722,-1,-1,-1,-1,0,-1,-1,-1,-1,0,-1,-1,-1,-1,0,-1,-1,-1,-1,0,-1,-1,-1,-1,0,-1,-1,-1,-1,0
16,4,8/25/2016 21:58,20,ST4300,116.0844817,-1,-1,-1,-1,0,-1,-1,-1,-1,0,-1,-1,-1,-1,0,-1,-1,-1,-1,0,-1,-1,-1,-1,0,-1,-1,-1,-1,0
17,4,8/25/2016 23:58,25,ST4300,104.7914087,-1,-1,-1,-1,0,-1,-1,-1,-1,0,-1,-1,-1,-1,0,-1,-1,-1,-1,0,-1,-1,-1,-1,125.5490292,-1,-1,-1,-1,0
18,4,8/26/2016 1:08,27,ST4300,121.8405492,-1,-1,-1,-1,0,-1,-1,-1,-1,0,-1,-1,-1,-1,0,-1,-1,-1,-1,0,-1,-1,-1,-1,0,-1,-1,-1,-1,0
19,4,8/26/2016 4:38,78,ST4300,104.762831,-1,-1,-1,-1,103.61187,-1,-1,-1,-1,110.9713834,-1,-1,-1,-1,0,-1,-1,-1,-1,0,-1,-1,-1,-1,0,-1,-1,-1,-1,0
20,4,8/26/2016 6:08,74,ST4300,138.2193654,-1,-1,-1,-1,0,-1,-1,-1,-1,0,-1,-1,-1,-1,0,-1,-1,-1,-1,0,-1,-1,-1,-1,0,-1,-1,-1,-1,0
21,4,8/26/2016 15:58,34,ST4300,102.037281,-1,-1,-1,-1,0,-1,-1,-1,-1,0,-1,-1,-1,-1,0,-1,-1,-1,-1,0,-1,-1,-1,-1,0,-1,-1,-1,-1,0
22,4,8/27/2016 1:38,37,ST4300,102.4012297,-1,-1,-1,-1,0,-1,-1,-1,-1,0,-1,-1,-1,-1,0,-1,-1,-1,-1,0,-1,-1,-1,-1,0,-1,-1,-1,-1,0
23,4,8/27/2016 9:58,39,ST4300,120.3130536,-1,-1,-1,-1,118.6512952,-1,-1,-1,-1,0,-1,-1,-1,-1,0,-1,-1,-1,-1,0,-1,-1,-1,-1,0,-1,-1,-1,-1,0
24,4,8/27/2016 12:28,42,ST4300,148.2622049,-1,-1,-1,-1,0,-1,-1,-1,-1,168.207457,-1,-1,-1,-1,131.0889446,-1,-1,-1,-1,0,-1,-1,-1,-1,0,-1,-1,-1,-1,0
25,4,8/27/2016 22:58,47,ST4300,103.2844275,-1,-1,-1,-1,107.8361607,-1,-1,-1,-1,109.3862934,-1,-1,-1,-1,0,-1,-1,-1,-1,0,-1,-1,-1,-1,0,-1,-1,-1,-1,0
26,4,8/28/2016 15:48,50,ST4300,100.7766878,-1,-1,-1,-1,0,-1,-1,-1,-1,0,-1,-1,-1,-1,0,-1,-1,-1,-1,0,-1,-1,-1,-1,0,-1,-1,-1,-1,0
27,4,8/29/2016 6:20,52,ST4300,127.7851518,-1,-1,-1,-1,0,-1,-1,-1,-1,0,-1,-1,-1,-1,0,-1,-1,-1,-1,0,-1,-1,-1,-1,0,-1,-1,-1,-1,0
28,4,8/29/2016 9:40,54,ST4300,124.3924227,-1,-1,-1,-1,0,-1,-1,-1,-1,0,-1,-1,-1,-1,0,-1,-1,-1,-1,0,-1,-1,-1,-1,0,-1,-1,-1,-1,0
29,4,8/30/2016 0:00,57,ST4300,106.6144449,-1,-1,-1,-1,0,-1,-1,-1,-1,0,-1,-1,-1,-1,0,-1,-1,-1,-1,0,-1,-1,-1,-1,0,-1,-1,-1,-1,0
30,4,8/30/2016 17:10,60,ST4300,105.4088733,-1,-1,-1,-1,0,-1,-1,-1,-1,0,-1,-1,-1,-1,0,-1,-1,-1,-1,0,-1,-1,-1,-1,0,-1,-1,-1,-1,0
31,4,8/31/2016 6:20,61,ST4300,125.7471822,-1,-1,-1,-1,138.213239,-1,-1,-1,-1,0,-1,-1,-1,-1,0,-1,-1,-1,-1,0,-1,-1,-1,-1,0,-1,-1,-1,-1,0
32,4,9/1/2016 14:40,67,ST4300,114.589405,-1,-1,-1,-1,0,-1,-1,-1,-1,0,-1,-1,-1,-1,0,-1,-1,-1,-1,0,-1,-1,-1,-1,0,-1,-1,-1,-1,0
33,4,9/3/2016 14:32,68,ST4300,112.2989418,-1,-1,-1,-1,108.0825244,-1,-1,-1,-1,0,-1,-1,-1,-1,0,-1,-1,-1,-1,0,-1,-1,-1,-1,0,-1,-1,-1,-1,0
34,5,8/23/2016 4:53,1,ST4300,148.6225961,-1,-1,-1,-1,0,-1,-1,-1,-1,0,-1,-1,-1,-1,0,-1,-1,-1,-1,0,-1,-1,-1,-1,0,-1,-1,-1,-1,0
35,5,8/23/2016 18:23,2,ST4300,129.5549064,-1,-1,-1,-1,0,-1,-1,-1,-1,0,-1,-1,-1,-1,0,-1,-1,-1,-1,0,-1,-1,-1,-1,0,-1,-1,-1,-1,0
36,5,8/24/2016 19:13,4,ST4300,111.7678261,-1,-1,-1,-1,117.1748388,-1,-1,-1,-1,138.8000274,-1,-1,-1,-1,0,-1,-1,-1,-1,0,-1,-1,-1,-1,0,-1,-1,-1,-1,0
37,5,8/25/2016 5:03,11,ST4300,144.8771867,-1,-1,-1,-1,0,-1,-1,-1,-1,0,-1,-1,-1,-1,0,-1,-1,-1,-1,0,-1,-1,-1,-1,0,-1,-1,-1,-1,0
38,5,8/25/2016 15:13,12,ST4300,125.4850371,-1,-1,-1,-1,0,-1,-1,-1,-1,0,-1,-1,-1,-1,0,-1,-1,-1,-1,0,-1,-1,-1,-1,0,-1,-1,-1,-1,0
39,5,8/26/2016 20:23,15,ST4300,109.2548703,-1,-1,-1,-1,111.5263743,-1,-1,-1,-1,120.4618004,-1,-1,-1,-1,0,-1,-1,-1,-1,0,-1,-1,-1,-1,0,-1,-1,-1,-1,0
40,5,8/27/2016 4:13,24,ST4300,128.7083883,-1,-1,-1,-1,0,-1,-1,-1,-1,0,-1,-1,-1,-1,175.0956819,-1,-1,-1,-1,0,-1,-1,-1,-1,0,-1,-1,-1,-1,0
41,5,8/28/2016 4:03,31,ST4300,105.6272539,-1,-1,-1,-1,0,-1,-1,-1,-1,0,-1,-1,-1,-1,0,-1,-1,-1,-1,0,-1,-1,-1,-1,0,-1,-1,-1,-1,0
42,5,8/30/2016 4:33,32,ST4300,116.3586643,-1,-1,-1,-1,0,-1,-1,-1,-1,0,-1,-1,-1,-1,0,-1,-1,-1,-1,0,-1,-1,-1,-1,0,-1,-1,-1,-1,0
43,5,8/30/2016 8:33,33,ST4300,138.0397151,-1,-1,-1,-1,128.6169053,-1,-1,-1,-1,0,-1,-1,-1,-1,0,-1,-1,-1,-1,0,-1,-1,-1,-1,115.516894,-1,-1,-1,-1,0
44,5,9/1/2016 3:53,36,ST4300,125.8195285,-1,-1,-1,-1,131.9854549,-1,-1,-1,-1,0,-1,-1,-1,-1,0,-1,-1,-1,-1,0,-1,-1,-1,-1,0,-1,-1,-1,-1,0
45,5,9/1/2016 10:13,38,ST4300,132.7616311,-1,-1,-1,-1,0,-1,-1,-1,-1,0,-1,-1,-1,-1,0,-1,-1,-1,-1,0,-1,-1,-1,-1,0,-1,-1,-1,-1,0
46,5,9/3/2016 13:33,40,ST4300,117.6769515,-1,-1,-1,-1,0,-1,-1,-1,-1,0,-1,-1,-1,-1,0,-1,-1,-1,-1,0,-1,-1,-1,-1,0,-1,-1,-1,-1,0
47,5,9/4/2016 5:03,41,ST4300,117.4063395,-1,-1,-1,-1,122.4244684,-1,-1,-1,-1,0,-1,-1,-1,-1,0,-1,-1,-1,-1,0,-1,-1,-1,-1,0,-1,-1,-1,-1,0
48,5,9/4/2016 20:23,45,ST4300,104.2894389,-1,-1,-1,-1,0,-1,-1,-1,-1,0,-1,-1,-1,-1,0,-1,-1,-1,-1,0,-1,-1,-1,-1,0,-1,-1,-1,-1,0
49,6,8/24/2016 17:38,2,ST4300,112.5493692,0,0,0,0,0,0,0,0,0,0,0,0,107.8031536,0,0,0,0,0,0,0,0,0,0,0,0,0,0,0,0,0
50,6,8/24/2016 20:57,4,ST4300,111.613782,0,0,0,0,0,0,0,0,0,141.1495153,0,137.5042229,135.3300568,134.5929263,0,0,0,0,0,0,0,0,0,0,0,0,0,0,0,0
51,6,8/24/2016 22:45,10,ST4300,103.7421098,107.9827319,0,0,0,0,0,0,0,0,0,0,0,0,0,0,0,0,0,0,0,0,0,0,0,0,0,0,0,0,0
52,6,8/25/2016 1:29,12,ST4300,110.1141256,0,0,0,0,0,0,0,0,0,0,0,0,0,0,0,0,0,0,0,0,0,0,0,0,0,0,0,0,0,0
53,6,8/25/2016 17:42,13,ST4300,121.1419898,0,0,0,0,0,0,0,0,0,0,0,0,0,0,0,0,0,0,0,0,0,0,0,0,0,0,0,0,0,0
54,6,8/27/2016 14:32,14,ST4300,122.6856525,123.9298363,126.583757,127.2680482,126.5512469,127.598472,128.6447433,130.1136391,132.7240491,0,0,0,0,0,0,0,0,0,0,0,0,0,0,0,0,0,0,0,0,0,0
55,6,8/27/2016 18:39,39,ST4300,111.6008983,0,112.243107,110.2080178,0,0,113.5783196,0,0,0,102.4090943,102.8253235,0,0,0,0,0,0,0,0,0,0,0,0,0,0,0,0,0,0,0
56,6,8/27/2016 23:33,29,ST4300,130.4940364,129.8970769,125.912129,131.2641057,0,0,0,0,0,0,0,0,0,0,0,0,0,0,0,0,0,0,0,0,0,0,0,0,0,0,0
57,6,8/28/2016 2:31,33,ST4300,111.3057201,0,0,0,0,0,0,0,0,0,0,0,0,0,0,0,0,0,0,0,0,0,0,0,0,0,0,0,0,0,0
58,6,8/28/2016 14:57,34,ST4300,149.6239664,151.7919085,0,0,0,0,149.6439032,0,0,0,0,0,0,0,0,0,0,0,0,0,0,0,0,0,0,0,0,0,0,0,0
59,6,8/29/2016 18:48,39,ST4300,129.5203608,0,0,0,0,0,0,0,0,0,0,0,0,0,0,0,0,0,0,0,0,0,0,0,0,0,0,0,0,0,0
60,6,8/29/2016 19:51,40,ST4300,116.814804,120.3930895,123.6977159,0,0,0,0,0,0,0,0,0,0,0,0,0,0,0,0,0,0,0,0,0,0,0,0,0,0,0,0
61,7,8/25/2016 20:00,1_Card-A,SM3M,111.8955744,0,0,0,112.7000212,0,0,0,0,0,0,0,0,0,0,0,0,0,0,0,0,0,0,0,0,0,0,0,0,0,0
62,7,8/26/2016 23:10,2_Card-A,SM3M,133.9233103,135.4228124,137.0746544,0,139.353016,0,0,0,0,148.3595051,0,0,0,0,0,0,0,0,0,0,0,0,0,0,0,0,0,0,0,0,0
63,7,8/27/2016 3:24,3_Card-A,SM3M,109.3899216,109.9614074,110.0421879,0,0,0,0,0,0,113.233899,131.9165049,111.6560383,0,0,0,0,0,0,0,0,0,0,0,0,0,0,0,0,0,0,0
64,7,8/29/2016 1:00,8_Card-A,SM3M,102.9689787,106.4526547,108.0578994,108.6027044,110.7404961,112.8414536,114.075255,116.5942874,120.4763286,124.200644,124.9331258,127.7125241,133.5131518,0,138.0040894,0,0,0,0,0,0,0,0,0,0,0,0,0,0,0,0
65,7,8/29/2016 4:04,12_Card-A,SM3M,103.5597944,0,0,0,0,0,0,105.2494861,105.6717509,106.4815484,0,0,0,0,0,0,0,0,0,0,0,0,0,0,0,0,0,0,0,0,0
66,7,8/29/2016 17:30,14_Card-A,SM3M,103.5818914,103.7267026,0,0,0,112.987398,0,0,117.9147562,116.6316172,123.5184081,120.4092957,121.9337854,0,0,0,0,0,0,0,0,0,0,0,0,0,0,0,0,0,0
67,7,8/31/2016 14:24,2_Card-C,SM3M,111.7922447,0,0,117.4417608,0,0,0,124.7557305,0,123.5523009,0,0,0,0,0,0,130.5089213,129.4231023,0,126.1876561,0,0,0,0,0,0,0,0,0,0,0
68,7,9/1/2016 3:36,6_Card-C,SM3M,136.6784264,0,0,0,0,0,0,0,149.7773798,0,0,0,0,0,0,0,0,0,0,0,0,0,0,0,0,0,0,0,0,0,0
69,7,9/2/2016 16:22,9_Card-C,SM3M,142.509577,0,0,0,0,0,0,0,0,0,0,0,0,0,0,0,0,0,0,0,0,0,0,0,0,0,0,0,0,0,0
70,7,9/2/2016 22:14,10_Card-C,SM3M,135.8224853,0,146.7036831,157.2900016,160.0945075,156.9020222,147.2423543,138.1118214,129.2491122,0,128.4140591,0,0,0,0,0,0,0,0,0,0,0,0,0,0,0,0,0,0,0,0
71,7,9/3/2016 15:52,12_Card-C,SM3M,124.9947632,129.4165969,134.0000389,137.2083123,0,0,0,0,0,0,0,0,151.2769148,0,0,160.5845938,0,0,0,0,0,0,0,0,0,0,0,0,0,0,0
72,7,9/3/2016 21:26,15_Card-C,SM3M,108.7342522,106.9565944,105.438728,0,0,0,0,0,0,0,0,0,0,0,0,0,0,0,0,0,0,0,0,0,0,0,0,0,0,0,0
73,7,9/4/2016 3:56,16_Card-C,SM3M,149.4369384,0,0,0,0,102.778153,0,0,0,0,0,0,0,0,0,0,0,0,0,0,0,0,0,0,0,0,0,0,0,0,0
74,7,9/4/2016 7:46,17_Card-C,SM3M,119.0062873,0,0,0,0,0,0,0,0,0,0,0,0,0,0,0,0,0,0,0,0,0,0,0,0,0,0,0,0,0,0
75,7,9/4/2016 10:30,18_Card-C,SM3M,128.3210516,0,0,130.7417142,132.8289682,0,0,129.6471906,130.7691908,132.3981899,0,109.5136474,0,108.1079451,0,108.9757409,0,113.8243791,0,0,0,0,0,0,0,0,0,0,0,0,0
76,7,9/4/2016 13:00,19_Card-C,SM3M,146.9548032,0,152.3561153,154.3908989,0,0,0,0,0,0,0,0,0,0,0,0,0,0,0,0,0,0,0,0,0,0,0,0,0,0,0
77,7,9/4/2016 20:56,21_Card-C,SM3M,138.803526,141.5815434,151.8914273,0,153.3644274,0,0,0,0,0,0,0,0,0,0,0,0,0,0,0,0,0,0,0,0,0,0,0,0,0,0
78,7,9/6/2016 14:00,1_Card-D,SM3M,116.5070821,0,0,120.1802792,0,0,0,0,0,0,0,0,112.3720016,0,0,0,0,0,0,0,0,0,0,0,0,0,0,0,0,0,0
79,7,9/7/2016 8:24,3_Card-D,SM3M,111.3623079,0,0,0,0,0,0,0,0,0,0,0,0,0,0,0,0,0,0,0,0,0,0,0,0,0,0,0,0,0,0
80,7,9/8/2016 3:06,7_Card-D,SM3M,128.4451127,0,0,142.7479906,0,138.4360333,133.3948391,0,135.0710053,136.0763429,139.2399767,0,0,0,136.3333545,140.8559154,141.1188096,142.872236,0,0,0,0,0,0,0,0,0,0,0,0,0
81,7,9/8/2016 23:00,11_Card-D,SM3M,101.5296629,0,0,103.8141844,0,0,0,0,0,0,105.0007146,104.5957263,0,0,0,0,0,0,0,0,0,0,0,0,0,0,0,0,0,0,115.7550831
82,7,9/9/2016 0:02,12_Card-D,SM3M,112.1993345,0,108.1714768,0,0,0,0,0,0,0,0,0,0,0,0,101.9821356,101.9387177,0,100.9620237,0,0,0,0,0,0,0,0,0,0,0,0
83,7,9/9/2016 3:28,13_Card-D,SM3M,113.1989857,113.8709892,112.6594806,0,0,0,113.873763,114.1762041,0,115.6261542,0,0,0,0,0,0,0,0,0,0,0,0,0,0,0,0,0,0,0,0,0
84,7,9/9/2016 9:02,14_Card-D,SM3M,108.8037775,107.6426697,107.3284843,109.7482712,110.1103233,107.814963,107.6423265,0,110.8614264,113.4025049,0,107.3085912,0,0,0,0,0,0,0,0,0,0,0,0,0,0,0,0,0,0,0
85,7,9/9/2016 17:52,15_Card-D,SM3M,103.1833077,0,103.6395616,104.5234901,100.1747337,106.2965954,105.048849,105.5663672,0,106.8824288,107.4078505,108.3578312,0,0,0,0,0,0,0,0,0,0,0,0,0,0,0,0,0,0,0
86,7,9/10/2016 16:52,17_Card-D,SM3M,94.30156443,0,0,0,0,0,0,0,0,0,0,0,0,101.3305474,0,0,0,0,0,0,0,0,0,0,0,0,0,0,0,0,0
87,7,9/10/2016 19:20,18_Card-D,SM3M,104.4692751,0,0,0,0,0,0,0,0,0,0,0,0,0,0,0,0,0,0,0,0,0,0,0,0,0,0,0,0,0,0
88,7,9/11/2016 13:40,19_Card-D,SM3M,100.4409955,0,0,0,0,0,0,0,0,0,0,0,0,0,0,0,0,0,0,0,0,0,0,0,0,0,0,0,0,0,0
89,7,9/11/2016 16:32,1_Card-AC,SM3M,105.895162,0,0,0,0,0,0,0,0,0,0,0,0,0,0,0,0,0,0,0,0,0,0,0,0,0,0,0,0,0,0
90,7,9/11/2016 19:26,2_Card-AC,SM3M,114.1176161,113.7572734,0,0,113.263922,114.5777058,0,0,120.4664704,123.1544113,124.6510085,128.8694024,0,0,0,0,0,0,0,0,0,0,0,0,0,0,0,0,0,0,0
91,7,9/11/2016 21:44,3_Card-AC,SM3M,102.9683966,103.101216,103.8582802,0,105.1996207,105.2550908,0,0,105.7410433,0,0,0,0,0,0,0,0,0,0,0,0,0,0,0,0,0,0,0,0,0,0
92,7,9/12/2016 1:42,4_Card-AC,SM3M,100.9132412,0,0,102.8264441,0,0,104.3157845,0,103.3031924,0,0,0,0,0,0,0,0,0,0,110.1577836,107.9469847,109.6554758,0,111.4046664,112.1317925,0,0,0,0,0,0
93,7,9/12/2016 3:54,6_Card-AC,SM3M,124.7628933,124.1024731,125.5523019,115.9396292,119.3622558,0,0,0,120.997639,0,0,0,0,0,0,0,0,0,0,0,0,0,0,0,0,0,0,0,0,0,0
94,7,9/12/2016 6:18,7_Card-AC,SM3M,109.0090731,0,0,0,0,0,121.6575515,121.1143019,120.486024,118.169715,118.3553038,119.9030133,122.3110632,122.6799451,120.4926341,0,0,0,0,0,0,0,0,0,0,0,0,0,0,0,0
95,7,9/12/2016 8:16,8_Card-AC,SM3M,124.2086341,119.9188723,119.8977342,0,0,127.1771243,132.4685765,0,0,0,0,0,0,0,0,0,0,0,0,0,0,0,0,0,0,0,0,0,0,0,0
96,7,9/12/2016 11:14,9_Card-AC,SM3M,115.8657085,0,0,0,0,0,0,0,0,0,0,0,0,0,0,0,0,0,0,0,0,0,0,0,0,0,0,0,0,0,0
97,7,9/12/2016 14:50,10_Card-AC,SM3M,102.6436892,102.9701668,103.3939034,0,0,0,0,0,0,0,0,0,0,0,0,0,0,0,0,0,0,0,0,0,0,0,0,0,0,0,0
98,7,9/12/2016 21:52,11_Card-AC,SM3M,102.5335791,0,0,0,94.59851016,105.3686047,105.5239775,106.1938967,106.4073855,105.3508202,106.7722765,111.1475072,112.3339492,111.0122195,115.4185357,116.37117,120.2264374,121.7215136,123.6860823,124.4007541,131.0112143,134.5651999,0,0,0,0,0,0,0,0,0
99,8,9/1/2016 16:32,110_Card-B,SM2Bat,93.21321167,-1,0,-1,0,-1,102.3614928,-1,103.9650843,-1,0,-1,105.1814389,-1,105.8310262,-1,0,-1,0,-1,0,-1,0,-1,0,-1,0,-1,0,-1,0
100,8,9/1/2016 21:04,4_Card-B,SM2Bat,121.03774,-1,121.1638286,-1,0,-1,0,-1,0,-1,0,-1,0,-1,0,-1,0,-1,0,-1,0,-1,0,-1,0,-1,0,-1,0,-1,0
101,8,9/2/2016 9:36,5_Card-B,SM2Bat,115.2281438,-1,122.9036675,-1,123.2421089,-1,129.1037818,-1,134.9293771,-1,0,-1,0,-1,0,-1,0,-1,0,-1,0,-1,0,-1,0,-1,0,-1,0,-1,0
102,8,9/3/2016 0:20,101_Card-B,SM2Bat,105.7855249,-1,0,-1,0,-1,0,-1,0,-1,0,-1,0,-1,0,-1,0,-1,0,-1,0,-1,0,-1,0,-1,0,-1,0,-1,0
103,8,9/3/2016 1:52,6_Card-B,SM2Bat,108.7638684,-1,107.5281355,-1,0,-1,0,-1,0,-1,0,-1,0,-1,0,-1,0,-1,0,-1,0,-1,0,-1,0,-1,0,-1,0,-1,0
104,8,9/3/2016 7:12,7_Card-B,SM2Bat,145.3363811,-1,0,-1,0,-1,0,-1,0,-1,0,-1,0,-1,0,-1,0,-1,0,-1,0,-1,0,-1,0,-1,0,-1,0,-1,0
105,8,9/3/2016 9:56,8_Card-B,SM2Bat,116.9873983,-1,123.8447312,-1,0,-1,0,-1,0,-1,0,-1,0,-1,0,-1,0,-1,0,-1,0,-1,0,-1,0,-1,0,-1,0,-1,0
106,8,9/3/2016 12:08,9_Card-B,SM2Bat,138.1633289,-1,0,-1,0,-1,0,-1,0,-1,0,-1,0,-1,0,-1,0,-1,0,-1,0,-1,0,-1,0,-1,0,-1,0,-1,0
107,8,9/4/2016 1:44,33_Card-B,SM2Bat,110.473291,-1,0,-1,0,-1,0,-1,0,-1,0,-1,0,-1,0,-1,0,-1,0,-1,0,-1,0,-1,0,-1,0,-1,0,-1,0
108,8,9/4/2016 8:56,34_Card-B,SM2Bat,123.3605444,-1,124.705151,-1,0,-1,0,-1,0,-1,133.8691995,-1,147.2595163,-1,0,-1,0,-1,0,-1,0,-1,0,-1,0,-1,0,-1,0,-1,0
109,8,9/4/2016 11:52,40_Card-B,SM2Bat,121.6121587,-1,116.7950804,-1,126.2141403,-1,117.9514131,-1,123.4354895,-1,128.9297106,-1,137.1079101,-1,143.2573479,-1,139.5917459,-1,144.4492891,-1,0,-1,0,-1,0,-1,0,-1,0,-1,0
110,8,9/5/2016 22:36,120_Card-B,SM2Bat,92.56229333,-1,95.45837154,-1,0,-1,108.0585563,-1,0,-1,0,-1,0,-1,0,-1,0,-1,0,-1,0,-1,0,-1,0,-1,0,-1,0,-1,0
111,8,9/6/2016 12:08,66_Card-B,SM2Bat,110.7744665,-1,113.4617508,-1,120.347842,-1,0,-1,0,-1,0,-1,0,-1,0,-1,0,-1,0,-1,0,-1,0,-1,0,-1,0,-1,118.5594647,-1,117.9174901
112,8,9/6/2016 17:56,123_Card-B,SM2Bat,99.95091654,-1,0,-1,0,-1,0,-1,0,-1,0,-1,0,-1,0,-1,0,-1,0,-1,0,-1,0,-1,0,-1,0,-1,0,-1,0
113,8,9/6/2016 19:56,71_Card-B,SM2Bat,99.5732049,-1,102.0787817,-1,0,-1,0,-1,0,-1,107.8906042,-1,113.700066,-1,115.7303597,-1,113.0161708,-1,113.5465873,-1,0,-1,0,-1,0,-1,0,-1,0,-1,0
114,8,9/6/2016 21:08,79_Card-B,SM2Bat,110.0550413,-1,0,-1,0,-1,0,-1,0,-1,0,-1,0,-1,0,-1,0,-1,0,-1,0,-1,0,-1,0,-1,0,-1,0,-1,0
115,8,9/7/2016 11:08,124_Card-B,SM2Bat,109.2995789,-1,0,-1,0,-1,0,-1,0,-1,0,-1,0,-1,0,-1,0,-1,0,-1,0,-1,0,-1,0,-1,0,-1,0,-1,0
116,8,9/7/2016 20:36,86_Card-B,SM2Bat,105.3708817,-1,0,-1,0,-1,123.1393653,-1,0,-1,0,-1,141.9222101,-1,0,-1,0,-1,0,-1,0,-1,0,-1,0,-1,0,-1,0,-1,0
117,8,9/8/2016 11:04,1_Card-C,SM2Bat,137.9618538,-1,0,-1,0,-1,0,-1,0,-1,0,-1,0,-1,0,-1,0,-1,0,-1,0,-1,0,-1,0,-1,0,-1,0,-1,0
118,8,9/8/2016 20:32,6_Card-C,SM2Bat,92.12730766,-1,0,-1,99.42182948,-1,0,-1,101.2368626,-1,103.9602657,-1,0,-1,105.6059356,-1,0,-1,0,-1,0,-1,0,-1,0,-1,0,-1,0,-1,0
119,8,9/9/2016 3:48,13_Card-C,SM2Bat,124.4622174,-1,0,-1,0,-1,0,-1,0,-1,0,-1,0,-1,0,-1,0,-1,0,-1,0,-1,0,-1,0,-1,0,-1,0,-1,0
120,8,9/9/2016 12:40,14_Card-C,SM2Bat,111.4832412,-1,0,-1,0,-1,0,-1,0,-1,0,-1,0,-1,0,-1,0,-1,0,-1,0,-1,0,-1,0,-1,0,-1,0,-1,0
121,8,9/12/2016 7:20,25_Card-C,SM2Bat,126.7827297,-1,0,-1,0,-1,0,-1,0,-1,0,-1,0,-1,0,-1,0,-1,0,-1,0,-1,0,-1,0,-1,0,-1,0,-1,0
122,9,8/28/2016 2:32,3,ST4300,102.0297773,-1,-1,-1,-1,0,-1,-1,-1,-1,0,-1,-1,-1,-1,0,-1,-1,-1,-1,0,-1,-1,-1,-1,0,-1,-1,-1,-1,0
123,9,8/28/2016 10:12,4,ST4300,123.5680454,-1,-1,-1,-1,137.5318294,-1,-1,-1,-1,136.9886312,-1,-1,-1,-1,133.7894605,-1,-1,-1,-1,134.1081706,-1,-1,-1,-1,0,-1,-1,-1,-1,0
124,9,8/29/2016 19:02,45,ST4300,121.9374579,-1,-1,-1,-1,146.9756407,-1,-1,-1,-1,0,-1,-1,-1,-1,0,-1,-1,-1,-1,0,-1,-1,-1,-1,0,-1,-1,-1,-1,0
125,9,8/30/2016 4:32,93,ST4300,124.6840353,-1,-1,-1,-1,118.8905619,-1,-1,-1,-1,0,-1,-1,-1,-1,0,-1,-1,-1,-1,0,-1,-1,-1,-1,0,-1,-1,-1,-1,0
126,9,9/1/2016 0:32,66,ST4300,109.8954937,-1,-1,-1,-1,119.9531374,-1,-1,-1,-1,0,-1,-1,-1,-1,0,-1,-1,-1,-1,0,-1,-1,-1,-1,0,-1,-1,-1,-1,0
127,9,9/1/2016 6:12,68,ST4300,117.22578,-1,-1,-1,-1,0,-1,-1,-1,-1,0,-1,-1,-1,-1,0,-1,-1,-1,-1,0,-1,-1,-1,-1,0,-1,-1,-1,-1,0
128,9,9/9/2016 8:22,81,ST4300,113.009038,-1,-1,-1,-1,0,-1,-1,-1,-1,0,-1,-1,-1,-1,0,-1,-1,-1,-1,0,-1,-1,-1,-1,0,-1,-1,-1,-1,0
129,9,9/9/2016 21:52,82,ST4300,102.637042,-1,-1,-1,-1,0,-1,-1,-1,-1,0,-1,-1,-1,-1,0,-1,-1,-1,-1,0,-1,-1,-1,-1,0,-1,-1,-1,-1,0
130,9,9/13/2016 7:42,45,ST4300,102.1773825,-1,-1,-1,-1,105.4153184,-1,-1,-1,-1,110.2267875,-1,-1,-1,-1,0,-1,-1,-1,-1,0,-1,-1,-1,-1,0,-1,-1,-1,-1,0
131,10,9/8/2016 4:14,7_Card-G,SM3M,114.8301955,0,0,0,0,0,0,0,0,0,0,0,0,0,0,0,0,0,0,0,0,0,0,0,0,0,0,0,0,0,0
132,10,9/10/2016 16:40,3_Card-G,SM3M,109.1842583,0,0,0,0,0,0,0,0,0,0,0,0,0,0,0,0,0,0,0,0,0,0,0,0,0,0,0,0,0,0
133,11,8/29/2016 5:52,2_Card-E,SM2Bat,114.2270336,-1,0,-1,0,-1,0,-1,0,-1,0,-1,0,-1,0,-1,0,-1,0,-1,0,-1,0,-1,0,-1,0,-1,0,-1,0
134,11,8/30/2016 12:48,2_Card-E,SM2Bat,98.11100222,-1,0,-1,0,-1,0,-1,0,-1,99.74643499,-1,0,-1,0,-1,0,-1,0,-1,0,-1,0,-1,0,-1,0,-1,0,-1,0
135,11,9/2/2016 3:08,35_Card-E,SM2Bat,102.2674116,-1,0,-1,104.5469872,-1,106.4660411,-1,111.2103998,-1,113.5071754,-1,111.2215042,-1,0,-1,0,-1,0,-1,0,-1,0,-1,0,-1,0,-1,0,-1,0
136,11,9/2/2016 9:56,54_Card-E,SM2Bat,123.7539809,-1,0,-1,0,-1,0,-1,0,-1,0,-1,0,-1,0,-1,0,-1,0,-1,0,-1,0,-1,0,-1,0,-1,0,-1,0
137,11,9/4/2016 3:32,79_Card-E,SM2Bat,110.5741096,-1,0,-1,0,-1,0,-1,0,-1,0,-1,0,-1,0,-1,0,-1,0,-1,0,-1,0,-1,0,-1,0,-1,0,-1,0
138,11,9/5/2016 8:12,1_Card-F,SM2Bat,108.3744751,-1,0,-1,0,-1,0,-1,0,-1,0,-1,0,-1,0,-1,0,-1,0,-1,0,-1,0,-1,0,-1,0,-1,0,-1,0
139,11,9/5/2016 12:12,6_Card-F,SM2Bat,102.0435335,-1,0,-1,0,-1,0,-1,0,-1,0,-1,0,-1,0,-1,0,-1,0,-1,0,-1,0,-1,0,-1,0,-1,0,-1,0
140,11,9/5/2016 18:20,8_Card-F,SM2Bat,120.526914,-1,0,-1,0,-1,128.5074638,-1,0,-1,0,-1,0,-1,0,-1,0,-1,0,-1,0,-1,0,-1,0,-1,0,-1,0,-1,0
141,11,9/5/2016 20:20,11_Card-F,SM2Bat,110.0732654,-1,0,-1,0,-1,0,-1,0,-1,0,-1,0,-1,0,-1,0,-1,0,-1,0,-1,0,-1,0,-1,0,-1,0,-1,0
142,11,9/5/2016 23:04,12_Card-F,SM2Bat,139.7083613,-1,0,-1,0,-1,0,-1,0,-1,0,-1,0,-1,0,-1,0,-1,0,-1,0,-1,0,-1,0,-1,0,-1,0,-1,0
143,11,9/10/2016 10:12,62_Card-F,SM2Bat,103.8202838,-1,106.1142788,-1,107.5300314,-1,111.1772802,-1,0,-1,0,-1,0,-1,0,-1,0,-1,0,-1,0,-1,0,-1,0,-1,0,-1,0,-1,0
144,11,9/14/2016 11:36,29_Card-G,SM2Bat,119.2204141,-1,0,-1,0,-1,0,-1,0,-1,0,-1,0,-1,0,-1,0,-1,0,-1,0,-1,0,-1,0,-1,0,-1,0,-1,0
145,11,9/16/2016 8:08,32_Card-G,SM2Bat,109.5146235,-1,113.512208,-1,0,-1,0,-1,0,-1,0,-1,0,-1,0,-1,0,-1,0,-1,0,-1,0,-1,0,-1,0,-1,0,-1,0
146,12,8/30/2016 0:31,1,ST4300,135.942717,-1,-1,-1,-1,0,-1,-1,-1,-1,0,-1,-1,-1,-1,0,-1,-1,-1,-1,0,-1,-1,-1,-1,0,-1,-1,-1,-1,0
147,12,9/4/2016 4:41,22,ST4300,105.220144,-1,-1,-1,-1,0,-1,-1,-1,-1,0,-1,-1,-1,-1,0,-1,-1,-1,-1,0,-1,-1,-1,-1,0,-1,-1,-1,-1,0
148,12,9/4/2016 5:51,23,ST4300,110.2506721,-1,-1,-1,-1,0,-1,-1,-1,-1,0,-1,-1,-1,-1,0,-1,-1,-1,-1,0,-1,-1,-1,-1,0,-1,-1,-1,-1,0
149,12,9/5/2016 16:31,25,ST4300,98.15892529,-1,-1,-1,-1,0,-1,-1,-1,-1,99.15631715,-1,-1,-1,-1,0,-1,-1,-1,-1,98.73440649,-1,-1,-1,-1,104.6284483,-1,-1,-1,-1,0
150,12,9/6/2016 1:31,29,ST4300,125.0411461,-1,-1,-1,-1,0,-1,-1,-1,-1,0,-1,-1,-1,-1,0,-1,-1,-1,-1,0,-1,-1,-1,-1,0,-1,-1,-1,-1,0
151,12,9/7/2016 9:51,33,ST4300,112.1549436,-1,-1,-1,-1,0,-1,-1,-1,-1,0,-1,-1,-1,-1,0,-1,-1,-1,-1,0,-1,-1,-1,-1,0,-1,-1,-1,-1,0
152,12,9/7/2016 18:01,35,ST4300,93.14747064,-1,-1,-1,-1,0,-1,-1,-1,-1,0,-1,-1,-1,-1,0,-1,-1,-1,-1,0,-1,-1,-1,-1,0,-1,-1,-1,-1,0
153,12,9/10/2016 10:41,57,ST4300,105.1564779,-1,-1,-1,-1,0,-1,-1,-1,-1,0,-1,-1,-1,-1,0,-1,-1,-1,-1,0,-1,-1,-1,-1,0,-1,-1,-1,-1,0
154,12,9/11/2016 11:21,62,ST4300,133.1687358,-1,-1,-1,-1,137.5962985,-1,-1,-1,-1,0,-1,-1,-1,-1,0,-1,-1,-1,-1,0,-1,-1,-1,-1,0,-1,-1,-1,-1,0
155,12,9/14/2016 18:11,87,ST4300,119.5862201,-1,-1,-1,-1,114.840595,-1,-1,-1,-1,0,-1,-1,-1,-1,0,-1,-1,-1,-1,0,-1,-1,-1,-1,0,-1,-1,-1,-1,0
156,12,9/14/2016 21:01,89,ST4300,103.4773602,-1,-1,-1,-1,112.49306,-1,-1,-1,-1,114.1003177,-1,-1,-1,-1,114.7148899,-1,-1,-1,-1,0,-1,-1,-1,-1,0,-1,-1,-1,-1,0
157,12,9/15/2016 2:11,96,ST4300,131.7902628,-1,-1,-1,-1,131.8827821,-1,-1,-1,-1,0,-1,-1,-1,-1,0,-1,-1,-1,-1,0,-1,-1,-1,-1,0,-1,-1,-1,-1,0
158,12,9/15/2016 11:01,98,ST4300,96.56170793,-1,-1,-1,-1,0,-1,-1,-1,-1,0,-1,-1,-1,-1,0,-1,-1,-1,-1,0,-1,-1,-1,-1,0,-1,-1,-1,-1,0
159,12,9/16/2016 0:51,107,ST4300,115.0083144,-1,-1,-1,-1,124.7616171,-1,-1,-1,-1,0,-1,-1,-1,-1,0,-1,-1,-1,-1,0,-1,-1,-1,-1,0,-1,-1,-1,-1,0
160,12,9/17/2016 0:11,114,ST4300,113.70507,-1,-1,-1,-1,0,-1,-1,-1,-1,0,-1,-1,-1,-1,0,-1,-1,-1,-1,0,-1,-1,-1,-1,0,-1,-1,-1,-1,0
161,13,9/2/2016 12:56,1_Card-I,SM3M,180,0,0,0,0,180,0,0,0,0,0,0,0,0,0,0,0,0,0,0,0,0,0,0,0,0,0,0,0,0,0
162,13,9/12/2016 3:22,39_Card-K,SM3M,113.4758331,115.0872822,0,0,0,0,0,0,0,0,0,0,0,0,0,0,0,0,0,0,0,0,0,0,0,0,0,0,0,0,0
163,15,9/3/2016 11:23,7,ST4300,101.5697185,102.2194536,101.2021958,103.8244447,102.7324929,104.0241002,104.1701298,105.2496237,0,0,0,0,0,0,0,0,0,0,0,0,0,0,0,0,0,0,0,0,0,0,0
164,15,9/4/2016 0:31,8,ST4300,113.7192171,113.8059726,0,0,0,0,0,0,0,0,0,0,0,0,0,0,0,0,0,0,0,0,0,0,0,0,0,0,0,0,0
165,15,9/4/2016 7:45,9,ST4300,104.3506812,0,105.1516765,0,108.4833996,108.1374213,0,0,113.0404991,114.783178,0,0,0,0,0,0,0,0,0,0,0,0,0,0,0,0,0,0,0,0,0
166,15,9/4/2016 18:42,12,ST4300,99.35691338,104.3492786,105.5035156,0,0,0,0,0,0,0,0,0,0,0,0,0,0,0,0,0,0,0,0,0,0,0,0,0,0,0,0
167,16,9/2/2016 15:12,2,ST4300,98.74865977,-1,-1,-1,-1,0,-1,-1,-1,-1,0,-1,-1,-1,-1,0,-1,-1,-1,-1,121.7990732,-1,-1,-1,-1,0,-1,-1,-1,-1,0
168,16,9/2/2016 18:22,4,ST4300,95.44588118,-1,-1,-1,-1,99.2869925,-1,-1,-1,-1,101.5637284,-1,-1,-1,-1,0,-1,-1,-1,-1,0,-1,-1,-1,-1,0,-1,-1,-1,-1,0
169,16,9/4/2016 4:02,8,ST4300,108.9467481,-1,-1,-1,-1,0,-1,-1,-1,-1,0,-1,-1,-1,-1,0,-1,-1,-1,-1,0,-1,-1,-1,-1,0,-1,-1,-1,-1,0
170,16,9/6/2016 10:02,10,ST4300,111.8201131,-1,-1,-1,-1,0,-1,-1,-1,-1,0,-1,-1,-1,-1,0,-1,-1,-1,-1,0,-1,-1,-1,-1,0,-1,-1,-1,-1,0
171,16,9/8/2016 9:52,15,ST4300,106.4457654,-1,-1,-1,-1,105.2826355,-1,-1,-1,-1,103.7307271,-1,-1,-1,-1,0,-1,-1,-1,-1,0,-1,-1,-1,-1,0,-1,-1,-1,-1,0
172,16,9/11/2016 17:42,37,ST4300,99.11194589,-1,-1,-1,-1,0,-1,-1,-1,-1,0,-1,-1,-1,-1,0,-1,-1,-1,-1,0,-1,-1,-1,-1,0,-1,-1,-1,-1,0
173,16,9/14/2016 18:52,102,ST4300,103.896561,-1,-1,-1,-1,107.5401646,-1,-1,-1,-1,116.4397834,-1,-1,-1,-1,0,-1,-1,-1,-1,0,-1,-1,-1,-1,0,-1,-1,-1,-1,0
174,16,9/14/2016 21:02,108,ST4300,110.5184383,-1,-1,-1,-1,0,-1,-1,-1,-1,0,-1,-1,-1,-1,0,-1,-1,-1,-1,0,-1,-1,-1,-1,102.1628073,-1,-1,-1,-1,0
175,16,9/15/2016 3:52,111,ST4300,130.3798899,-1,-1,-1,-1,0,-1,-1,-1,-1,0,-1,-1,-1,-1,0,-1,-1,-1,-1,114.1504152,-1,-1,-1,-1,117.3328828,-1,-1,-1,-1,0
176,16,9/15/2016 6:22,114,ST4300,103.8172174,-1,-1,-1,-1,0,-1,-1,-1,-1,0,-1,-1,-1,-1,0,-1,-1,-1,-1,0,-1,-1,-1,-1,0,-1,-1,-1,-1,0
177,16,9/15/2016 9:52,115,ST4300,116.6435537,-1,-1,-1,-1,127.9320642,-1,-1,-1,-1,0,-1,-1,-1,-1,0,-1,-1,-1,-1,0,-1,-1,-1,-1,0,-1,-1,-1,-1,0
178,16,9/15/2016 13:12,117,ST4300,119.2546302,-1,-1,-1,-1,0,-1,-1,-1,-1,0,-1,-1,-1,-1,0,-1,-1,-1,-1,0,-1,-1,-1,-1,0,-1,-1,-1,-1,0
179,16,9/15/2016 16:12,118,ST4300,133.7438585,-1,-1,-1,-1,120.9020863,-1,-1,-1,-1,127.3514162,-1,-1,-1,-1,0,-1,-1,-1,-1,0,-1,-1,-1,-1,0,-1,-1,-1,-1,0
180,16,9/16/2016 7:52,123,ST4300,100.0188202,-1,-1,-1,-1,115.2053282,-1,-1,-1,-1,0,-1,-1,-1,-1,0,-1,-1,-1,-1,0,-1,-1,-1,-1,0,-1,-1,-1,-1,0
181,16,9/16/2016 9:42,126,ST4300,103.7348355,-1,-1,-1,-1,103.1190185,-1,-1,-1,-1,114.115049,-1,-1,-1,-1,0,-1,-1,-1,-1,0,-1,-1,-1,-1,0,-1,-1,-1,-1,0
182,16,9/16/2016 14:02,129,ST4300,134.3835004,-1,-1,-1,-1,99.30645636,-1,-1,-1,-1,0,-1,-1,-1,-1,0,-1,-1,-1,-1,0,-1,-1,-1,-1,0,-1,-1,-1,-1,0
183,16,9/16/2016 16:22,131,ST4300,108.2115897,-1,-1,-1,-1,0,-1,-1,-1,-1,0,-1,-1,-1,-1,0,-1,-1,-1,-1,0,-1,-1,-1,-1,0,-1,-1,-1,-1,0
184,16,9/16/2016 18:52,132,ST4300,103.1196772,-1,-1,-1,-1,0,-1,-1,-1,-1,0,-1,-1,-1,-1,0,-1,-1,-1,-1,0,-1,-1,-1,-1,0,-1,-1,-1,-1,0
185,16,9/16/2016 21:22,133,ST4300,109.3649009,-1,-1,-1,-1,110.9072131,-1,-1,-1,-1,0,-1,-1,-1,-1,0,-1,-1,-1,-1,0,-1,-1,-1,-1,0,-1,-1,-1,-1,0
186,16,9/17/2016 3:42,135,ST4300,120.367758,-1,-1,-1,-1,0,-1,-1,-1,-1,0,-1,-1,-1,-1,0,-1,-1,-1,-1,0,-1,-1,-1,-1,0,-1,-1,-1,-1,0
187,16,9/17/2016 6:42,136,ST4300,102.0006916,-1,-1,-1,-1,118.0576336,-1,-1,-1,-1,0,-1,-1,-1,-1,0,-1,-1,-1,-1,0,-1,-1,-1,-1,0,-1,-1,-1,-1,0
188,16,9/17/2016 19:42,139,ST4300,134.6834941,-1,-1,-1,-1,0,-1,-1,-1,-1,0,-1,-1,-1,-1,0,-1,-1,-1,-1,0,-1,-1,-1,-1,0,-1,-1,-1,-1,0
189,16,9/18/2016 0:22,141,ST4300,137.2700821,-1,-1,-1,-1,0,-1,-1,-1,-1,0,-1,-1,-1,-1,0,-1,-1,-1,-1,0,-1,-1,-1,-1,0,-1,-1,-1,-1,0
190,16,9/18/2016 8:02,142,ST4300,154.1481357,-1,-1,-1,-1,0,-1,-1,-1,-1,0,-1,-1,-1,-1,0,-1,-1,-1,-1,0,-1,-1,-1,-1,0,-1,-1,-1,-1,0
191,16,9/18/2016 15:32,162,ST4300,114.0181886,-1,-1,-1,-1,0,-1,-1,-1,-1,0,-1,-1,-1,-1,0,-1,-1,-1,-1,0,-1,-1,-1,-1,0,-1,-1,-1,-1,0
192,16,9/19/2016 8:52,152,ST4300,127.8379231,-1,-1,-1,-1,0,-1,-1,-1,-1,0,-1,-1,-1,-1,0,-1,-1,-1,-1,0,-1,-1,-1,-1,0,-1,-1,-1,-1,0
193,17,9/2/2016 9:16,2_Card-M,SM3M,121.4628312,0,0,0,144.2628316,0,0,0,0,0,0,0,0,0,157.1695574,157.3437517,156.3907713,158.3701054,0,0,0,0,0,0,0,0,0,0,0,0,0
194,17,9/3/2016 8:44,17_Card-M,SM3M,124.6713291,0,0,0,0,0,0,0,0,0,0,0,0,0,0,0,0,0,0,0,0,0,0,0,0,0,0,0,0,0,0
195,17,9/3/2016 17:20,18_Card-M,SM3M,98.21048461,0,101.3484423,105.6058665,0,0,0,0,0,0,0,0,0,0,0,0,0,0,0,0,0,0,0,0,0,0,0,0,0,0,0
196,17,9/6/2016 9:08,1_Card-N,SM3M,125.3567323,0,0,0,0,0,0,0,0,0,0,0,0,0,0,0,0,0,0,0,0,0,0,0,0,0,0,0,0,0,0
197,17,9/6/2016 18:26,3_Card-N,SM3M,117.9489647,0,0,0,0,0,0,0,0,0,0,0,0,0,0,0,0,0,0,0,0,0,0,0,0,0,0,0,0,0,0
198,17,9/6/2016 23:40,4_Card-N,SM3M,111.9345608,0,113.7863991,116.4408746,0,0,0,0,0,0,0,0,0,0,0,0,0,0,0,0,0,0,0,0,0,0,0,0,0,0,0
199,17,9/8/2016 9:10,16_Card-N,SM3M,114.4345519,0,0,0,115.8642683,0,0,0,0,0,0,0,0,0,0,0,0,0,0,0,0,0,0,0,0,0,0,0,0,0,0
200,17,9/10/2016 23:04,28_Card-N,SM3M,112.1318887,111.9664073,0,108.8623653,108.3514821,0,0,0,0,0,0,0,0,0,0,0,0,0,0,0,0,0,0,0,0,0,0,0,0,0,0
201,17,9/11/2016 13:36,35_Card-N,SM3M,108.7398116,0,0,0,0,0,0,0,0,0,0,0,0,0,0,0,0,0,0,0,0,0,0,0,0,0,0,0,0,0,0
202,17,9/12/2016 9:26,17_Card-O,SM3M,103.2504088,0,106.0015087,0,0,0,0,0,0,114.9319972,0,0,0,0,0,0,0,0,0,0,0,0,0,0,0,0,0,0,0,0,0
203,17,9/12/2016 13:56,2_Card-O,SM3M,106.9341226,106.8167281,106.8046974,0,0,0,0,0,0,112.441355,111.5310827,0,0,0,0,0,0,0,0,0,0,0,0,0,0,0,0,0,0,0,0
204,17,9/13/2016 12:10,4_Card-O,SM3M,104.1567725,105.3869043,0,0,0,0,0,0,0,0,0,0,0,0,0,0,0,0,0,0,0,0,0,0,0,0,0,0,0,0,0
205,17,9/13/2016 16:38,6_Card-O,SM3M,101.9329867,102.0607297,0,103.0658134,0,105.4429827,105.304863,106.5529531,110.747786,112.0406828,112.6272706,0,0,0,0,0,0,0,0,0,0,0,0,0,0,0,0,0,0,0,0
206,17,9/13/2016 20:10,7_Card-O,SM3M,106.9893345,106.4885014,105.4835428,0,0,0,0,0,0,0,0,0,0,0,0,0,0,0,0,0,0,0,0,0,0,0,0,0,0,0,0
207,17,9/14/2016 19:40,9_Card-O,SM3M,102.561765,102.3698641,0,105.0514292,104.6569985,0,0,0,0,0,0,0,0,0,0,0,0,0,0,0,0,0,0,0,0,0,0,0,0,0,0
208,17,9/14/2016 23:34,11_Card-O,SM3M,112.6499455,109.1282924,0,109.7246283,106.4152549,0,0,0,0,0,0,0,0,0,0,0,0,0,0,0,0,0,0,0,0,0,0,0,0,0,0
209,17,9/16/2016 5:18,13_Card-O,SM3M,108.2257762,109.2557429,108.611391,0,112.7556062,116.6823485,119.3535635,121.8261932,122.5328232,120.0748148,119.7018438,118.3631711,119.9197146,0,0,0,0,0,0,0,0,0,0,0,0,0,0,0,0,0,0
210,17,9/16/2016 15:22,14_Card-O,SM3M,122.1989504,0,0,0,0,0,0,0,0,0,100.059301,0,0,0,99.84099569,0,0,0,0,0,0,0,0,0,0,0,0,0,0,0,0
211,17,9/17/2016 8:50,16_Card-O,SM3M,105.5300332,0,0,0,0,0,0,0,0,0,0,0,0,0,0,0,0,0,0,0,0,0,0,0,0,0,0,0,0,0,0
212,18,9/3/2016 22:36,1_Card-M,SM2Bat,106.9920735,-1,109.2247153,-1,0,-1,114.3092898,-1,0,-1,0,-1,0,-1,0,-1,0,-1,0,-1,0,-1,0,-1,0,-1,0,-1,0,-1,0
213,18,9/5/2016 1:48,22_Card-M,SM2Bat,116.9812979,-1,0,-1,0,-1,0,-1,0,-1,0,-1,0,-1,0,-1,0,-1,0,-1,0,-1,0,-1,0,-1,0,-1,0,-1,0
214,18,9/5/2016 10:16,24_Card-M,SM2Bat,114.2250675,-1,119.1574231,-1,0,-1,0,-1,140.629615,-1,0,-1,0,-1,0,-1,0,-1,0,-1,0,-1,0,-1,0,-1,0,-1,0,-1,0
215,18,9/6/2016 16:04,31_Card-M,SM2Bat,114.9861944,-1,0,-1,0,-1,0,-1,0,-1,0,-1,0,-1,0,-1,0,-1,0,-1,0,-1,0,-1,0,-1,0,-1,0,-1,0
216,18,9/8/2016,43_Card-M,SM2Bat,117.0641853,-1,0,-1,0,-1,0,-1,0,-1,0,-1,0,-1,0,-1,0,-1,0,-1,0,-1,0,-1,0,-1,0,-1,0,-1,0
217,18,9/8/2016 12:04,44_Card-M,SM2Bat,125.5496937,-1,0,-1,0,-1,0,-1,0,-1,0,-1,0,-1,0,-1,0,-1,0,-1,0,-1,0,-1,0,-1,0,-1,0,-1,0
218,18,9/8/2016 13:20,47_Card-M,SM2Bat,129.5123533,-1,0,-1,0,-1,0,-1,0,-1,0,-1,0,-1,0,-1,0,-1,0,-1,0,-1,0,-1,0,-1,0,-1,0,-1,0
219,18,9/11/2016 19:28,11_Card-N,SM2Bat,113.33851,-1,0,-1,0,-1,0,-1,147.7955082,-1,0,-1,0,-1,0,-1,0,-1,0,-1,0,-1,0,-1,0,-1,0,-1,0,-1,0
220,18,9/12/2016 8:20,8_Card-N,SM2Bat,123.9314921,-1,0,-1,0,-1,0,-1,0,-1,0,-1,0,-1,0,-1,0,-1,0,-1,0,-1,0,-1,0,-1,0,-1,0,-1,0
221,18,9/14/2016 1:08,11_Card-N,SM2Bat,118.7206357,-1,0,-1,0,-1,0,-1,0,-1,0,-1,0,-1,0,-1,0,-1,0,-1,0,-1,0,-1,0,-1,0,-1,0,-1,0
222,18,9/16/2016 4:24,16_Card-N,SM2Bat,129.3983051,-1,0,-1,0,-1,0,-1,0,-1,0,-1,0,-1,0,-1,0,-1,0,-1,0,-1,0,-1,0,-1,0,-1,0,-1,0
223,18,9/16/2016 8:52,18_Card-N,SM2Bat,115.0617022,-1,113.8194189,-1,0,-1,0,-1,0,-1,0,-1,0,-1,0,-1,0,-1,0,-1,0,-1,0,-1,0,-1,0,-1,0,-1,0
224,18,9/18/2016 21:36,8_Card-O,SM2Bat,117.9097907,-1,0,-1,0,-1,0,-1,0,-1,0,-1,0,-1,0,-1,0,-1,0,-1,0,-1,0,-1,0,-1,0,-1,0,-1,0
225,18,9/19/2016 3:36,13_Card-O,SM2Bat,113.7956966,-1,0,-1,0,-1,0,-1,0,-1,0,-1,0,-1,0,-1,0,-1,0,-1,0,-1,0,-1,0,-1,0,-1,0,-1,0
226,18,9/19/2016 23:20,14_Card-O,SM2Bat,111.9389425,-1,0,-1,0,-1,0,-1,0,-1,0,-1,0,-1,0,-1,0,-1,0,-1,0,-1,0,-1,0,-1,0,-1,0,-1,0
227,19,9/6/2016 20:57,4,ST4300,153.2396109,-1,-1,-1,-1,0,-1,-1,-1,-1,0,-1,-1,-1,-1,0,-1,-1,-1,-1,0,-1,-1,-1,-1,0,-1,-1,-1,-1,0
228,19,9/9/2016 2:57,6,ST4300,108.1961272,-1,-1,-1,-1,0,-1,-1,-1,-1,0,-1,-1,-1,-1,0,-1,-1,-1,-1,0,-1,-1,-1,-1,0,-1,-1,-1,-1,0
229,19,9/15/2016 23:17,42,ST4300,112.3691625,-1,-1,-1,-1,0,-1,-1,-1,-1,0,-1,-1,-1,-1,0,-1,-1,-1,-1,0,-1,-1,-1,-1,0,-1,-1,-1,-1,0
230,19,9/16/2016 19:47,44,ST4300,104.1747354,-1,-1,-1,-1,0,-1,-1,-1,-1,0,-1,-1,-1,-1,109.4484195,-1,-1,-1,-1,0,-1,-1,-1,-1,0,-1,-1,-1,-1,0
231,19,9/18/2016 20:47,49,ST4300,112.6768302,-1,-1,-1,-1,126.7870153,-1,-1,-1,-1,127.7208172,-1,-1,-1,-1,0,-1,-1,-1,-1,0,-1,-1,-1,-1,0,-1,-1,-1,-1,0
232,19,9/19/2016 5:37,53,ST4300,102.5710121,-1,-1,-1,-1,0,-1,-1,-1,-1,0,-1,-1,-1,-1,0,-1,-1,-1,-1,0,-1,-1,-1,-1,0,-1,-1,-1,-1,0
233,19,9/19/2016 8:47,52,ST4300,109.2148365,-1,-1,-1,-1,0,-1,-1,-1,-1,0,-1,-1,-1,-1,0,-1,-1,-1,-1,0,-1,-1,-1,-1,0,-1,-1,-1,-1,0
234,19,9/19/2016 12:17,53,ST4300,119.5489079,-1,-1,-1,-1,119.3016616,-1,-1,-1,-1,0,-1,-1,-1,-1,0,-1,-1,-1,-1,0,-1,-1,-1,-1,0,-1,-1,-1,-1,0
235,19,9/19/2016 20:07,55,ST4300,106.492284,-1,-1,-1,-1,0,-1,-1,-1,-1,117.4958772,-1,-1,-1,-1,0,-1,-1,-1,-1,0,-1,-1,-1,-1,0,-1,-1,-1,-1,0
236,19,9/20/2016 6:47,66,ST4300,121.7943963,-1,-1,-1,-1,0,-1,-1,-1,-1,0,-1,-1,-1,-1,0,-1,-1,-1,-1,0,-1,-1,-1,-1,0,-1,-1,-1,-1,0
237,19,9/20/2016 9:47,69,ST4300,113.7206661,-1,-1,-1,-1,0,-1,-1,-1,-1,0,-1,-1,-1,-1,0,-1,-1,-1,-1,0,-1,-1,-1,-1,0,-1,-1,-1,-1,0
238,19,9/20/2016 11:47,70,ST4300,100.8374196,-1,-1,-1,-1,106.25836,-1,-1,-1,-1,0,-1,-1,-1,-1,0,-1,-1,-1,-1,0,-1,-1,-1,-1,0,-1,-1,-1,-1,0
239,19,9/20/2016 21:57,74,ST4300,109.5588515,-1,-1,-1,-1,0,-1,-1,-1,-1,0,-1,-1,-1,-1,0,-1,-1,-1,-1,0,-1,-1,-1,-1,0,-1,-1,-1,-1,0
240,19,9/20/2016 23:37,75,ST4300,106.9598805,-1,-1,-1,-1,0,-1,-1,-1,-1,0,-1,-1,-1,-1,0,-1,-1,-1,-1,0,-1,-1,-1,-1,0,-1,-1,-1,-1,0
241,19,9/21/2016 9:27,77,ST4300,104.9758458,-1,-1,-1,-1,107.7309706,-1,-1,-1,-1,0,-1,-1,-1,-1,0,-1,-1,-1,-1,0,-1,-1,-1,-1,0,-1,-1,-1,-1,0
242,19,9/22/2016 0:17,81,ST4300,112.7879178,-1,-1,-1,-1,0,-1,-1,-1,-1,0,-1,-1,-1,-1,106.2919969,-1,-1,-1,-1,0,-1,-1,-1,-1,0,-1,-1,-1,-1,0
243,19,9/22/2016 4:27,83,ST4300,101.4295754,-1,-1,-1,-1,0,-1,-1,-1,-1,0,-1,-1,-1,-1,0,-1,-1,-1,-1,0,-1,-1,-1,-1,0,-1,-1,-1,-1,0
244,19,9/22/2016 5:57,84,ST4300,116.58492,-1,-1,-1,-1,0,-1,-1,-1,-1,0,-1,-1,-1,-1,0,-1,-1,-1,-1,0,-1,-1,-1,-1,0,-1,-1,-1,-1,0
245,19,9/22/2016 10:07,85,ST4300,107.131511,-1,-1,-1,-1,0,-1,-1,-1,-1,0,-1,-1,-1,-1,0,-1,-1,-1,-1,0,-1,-1,-1,-1,0,-1,-1,-1,-1,0
246,19,9/22/2016 12:57,86,ST4300,109.0653446,-1,-1,-1,-1,0,-1,-1,-1,-1,0,-1,-1,-1,-1,0,-1,-1,-1,-1,0,-1,-1,-1,-1,0,-1,-1,-1,-1,0
247,20,9/7/2016 20:47,2,ST4300,104.7761799,-1,-1,-1,-1,102.0452173,-1,-1,-1,-1,0,-1,-1,-1,-1,0,-1,-1,-1,-1,0,-1,-1,-1,-1,0,-1,-1,-1,-1,0
248,20,9/8/2016 12:17,4,ST4300,101.3748987,-1,-1,-1,-1,0,-1,-1,-1,-1,0,-1,-1,-1,-1,0,-1,-1,-1,-1,0,-1,-1,-1,-1,0,-1,-1,-1,-1,0
249,20,9/9/2016 10:37,5,ST4300,119.7138731,-1,-1,-1,-1,134.9598074,-1,-1,-1,-1,136.6002551,-1,-1,-1,-1,124.8778852,-1,-1,-1,-1,0,-1,-1,-1,-1,0,-1,-1,-1,-1,0
250,20,9/9/2016 22:17,9,ST4300,104.2987236,-1,-1,-1,-1,110.0647725,-1,-1,-1,-1,0,-1,-1,-1,-1,0,-1,-1,-1,-1,0,-1,-1,-1,-1,0,-1,-1,-1,-1,0
251,20,9/10/2016 0:47,11,ST4300,163.8303867,-1,-1,-1,-1,166.3492081,-1,-1,-1,-1,142.907916,-1,-1,-1,-1,102.9115224,-1,-1,-1,-1,110.8583452,-1,-1,-1,-1,0,-1,-1,-1,-1,0
252,20,9/11/2016 16:57,19,ST4300,107.152033,-1,-1,-1,-1,105.4720692,-1,-1,-1,-1,0,-1,-1,-1,-1,0,-1,-1,-1,-1,0,-1,-1,-1,-1,0,-1,-1,-1,-1,0
253,20,9/12/2016 1:07,21,ST4300,133.5768825,-1,-1,-1,-1,0,-1,-1,-1,-1,0,-1,-1,-1,-1,0,-1,-1,-1,-1,0,-1,-1,-1,-1,0,-1,-1,-1,-1,0
254,20,9/20/2016 13:47,29,ST4300,100.5031245,-1,-1,-1,-1,0,-1,-1,-1,-1,0,-1,-1,-1,-1,0,-1,-1,-1,-1,0,-1,-1,-1,-1,0,-1,-1,-1,-1,0
255,20,9/20/2016 16:17,30,ST4300,98.84406585,-1,-1,-1,-1,0,-1,-1,-1,-1,0,-1,-1,-1,-1,0,-1,-1,-1,-1,0,-1,-1,-1,-1,0,-1,-1,-1,-1,0
256,20,9/22/2016 18:27,33,ST4300,102.8686595,-1,-1,-1,-1,0,-1,-1,-1,-1,0,-1,-1,-1,-1,0,-1,-1,-1,-1,0,-1,-1,-1,-1,0,-1,-1,-1,-1,0
257,20,9/22/2016 21:47,34,ST4300,128.5744555,-1,-1,-1,-1,0,-1,-1,-1,-1,0,-1,-1,-1,-1,0,-1,-1,-1,-1,0,-1,-1,-1,-1,0,-1,-1,-1,-1,0
258,20,9/23/2016 0:07,35,ST4300,128.6450593,-1,-1,-1,-1,0,-1,-1,-1,-1,0,-1,-1,-1,-1,0,-1,-1,-1,-1,0,-1,-1,-1,-1,0,-1,-1,-1,-1,0
259,20,9/24/2016 0:07,38,ST4300,128.4619597,-1,-1,-1,-1,109.3323749,-1,-1,-1,-1,0,-1,-1,-1,-1,0,-1,-1,-1,-1,0,-1,-1,-1,-1,0,-1,-1,-1,-1,0
260,20,9/24/2016 1:37,40,ST4300,114.3957004,-1,-1,-1,-1,0,-1,-1,-1,-1,0,-1,-1,-1,-1,0,-1,-1,-1,-1,0,-1,-1,-1,-1,0,-1,-1,-1,-1,0
261,20,9/24/2016 6:27,43,ST4300,105.3670254,-1,-1,-1,-1,107.1273321,-1,-1,-1,-1,0,-1,-1,-1,-1,133.7721359,-1,-1,-1,-1,0,-1,-1,-1,-1,0,-1,-1,-1,-1,0
262,20,9/24/2016 8:27,47,ST4300,104.9151167,-1,-1,-1,-1,0,-1,-1,-1,-1,0,-1,-1,-1,-1,0,-1,-1,-1,-1,0,-1,-1,-1,-1,0,-1,-1,-1,-1,0
263,20,9/24/2016 10:47,49,ST4300,111.3929658,-1,-1,-1,-1,0,-1,-1,-1,-1,0,-1,-1,-1,-1,0,-1,-1,-1,-1,0,-1,-1,-1,-1,0,-1,-1,-1,-1,0
264,20,9/24/2016 13:37,50,ST4300,113.9963833,-1,-1,-1,-1,0,-1,-1,-1,-1,0,-1,-1,-1,-1,0,-1,-1,-1,-1,0,-1,-1,-1,-1,0,-1,-1,-1,-1,0
265,20,9/24/2016 19:17,51,ST4300,131.8654151,-1,-1,-1,-1,0,-1,-1,-1,-1,107.7558033,-1,-1,-1,-1,117.4564005,-1,-1,-1,-1,107.7218517,-1,-1,-1,-1,0,-1,-1,-1,-1,0
266,20,9/24/2016 22:47,55,ST4300,107.1979319,-1,-1,-1,-1,110.9274145,-1,-1,-1,-1,0,-1,-1,-1,-1,0,-1,-1,-1,-1,0,-1,-1,-1,-1,0,-1,-1,-1,-1,0
267,20,9/25/2016 3:37,57,ST4300,118.5752044,-1,-1,-1,-1,0,-1,-1,-1,-1,0,-1,-1,-1,-1,0,-1,-1,-1,-1,0,-1,-1,-1,-1,0,-1,-1,-1,-1,0
268,20,9/26/2016 3:37,60,ST4300,106.4495838,-1,-1,-1,-1,0,-1,-1,-1,-1,0,-1,-1,-1,-1,0,-1,-1,-1,-1,0,-1,-1,-1,-1,0,-1,-1,-1,-1,0
269,20,9/26/2016 13:57,63,ST4300,117.0838878,-1,-1,-1,-1,106.4517737,-1,-1,-1,-1,0,-1,-1,-1,-1,0,-1,-1,-1,-1,0,-1,-1,-1,-1,0,-1,-1,-1,-1,0
270,20,9/26/2016 15:17,65,ST4300,102.6226698,-1,-1,-1,-1,0,-1,-1,-1,-1,0,-1,-1,-1,-1,0,-1,-1,-1,-1,0,-1,-1,-1,-1,126.5723748,-1,-1,-1,-1,124.0696236
271,20,9/26/2016 20:47,74,ST4300,117.6933721,-1,-1,-1,-1,0,-1,-1,-1,-1,0,-1,-1,-1,-1,0,-1,-1,-1,-1,0,-1,-1,-1,-1,0,-1,-1,-1,-1,0
272,20,9/26/2016 23:17,75,ST4300,147.2305804,-1,-1,-1,-1,150.6472352,-1,-1,-1,-1,0,-1,-1,-1,-1,0,-1,-1,-1,-1,0,-1,-1,-1,-1,0,-1,-1,-1,-1,0
273,20,9/27/2016 2:17,77,ST4300,105.4638763,-1,-1,-1,-1,109.3195535,-1,-1,-1,-1,108.9836161,-1,-1,-1,-1,0,-1,-1,-1,-1,0,-1,-1,-1,-1,0,-1,-1,-1,-1,0
274,20,9/27/2016 3:57,80,ST4300,102.024231,-1,-1,-1,-1,0,-1,-1,-1,-1,0,-1,-1,-1,-1,0,-1,-1,-1,-1,0,-1,-1,-1,-1,0,-1,-1,-1,-1,0
275,20,9/27/2016 8:17,81,ST4300,118.3567364,-1,-1,-1,-1,0,-1,-1,-1,-1,112.1223642,-1,-1,-1,-1,119.1641427,-1,-1,-1,-1,0,-1,-1,-1,-1,0,-1,-1,-1,-1,0
276,20,9/27/2016 12:37,86,ST4300,135.1675283,-1,-1,-1,-1,0,-1,-1,-1,-1,0,-1,-1,-1,-1,0,-1,-1,-1,-1,0,-1,-1,-1,-1,0,-1,-1,-1,-1,0
277,20,9/27/2016 16:27,89,ST4300,170.3516178,-1,-1,-1,-1,123.5454994,-1,-1,-1,-1,0,-1,-1,-1,-1,0,-1,-1,-1,-1,110.3894628,-1,-1,-1,-1,0,-1,-1,-1,-1,0
278,20,9/27/2016 19:37,93,ST4300,117.7401721,-1,-1,-1,-1,122.8783137,-1,-1,-1,-1,115.0631828,-1,-1,-1,-1,110.4022696,-1,-1,-1,-1,0,-1,-1,-1,-1,101.1046524,-1,-1,-1,-1,0
279,20,9/27/2016 22:57,98,ST4300,108.187539,-1,-1,-1,-1,121.1665349,-1,-1,-1,-1,0,-1,-1,-1,-1,129.1155026,-1,-1,-1,-1,0,-1,-1,-1,-1,0,-1,-1,-1,-1,114.9140204
280,20,9/28/2016 0:17,103,ST4300,111.2758578,-1,-1,-1,-1,123.2373533,-1,-1,-1,-1,0,-1,-1,-1,-1,0,-1,-1,-1,-1,0,-1,-1,-1,-1,0,-1,-1,-1,-1,0
281,20,9/28/2016 5:47,105,ST4300,114.8281007,-1,-1,-1,-1,117.2636862,-1,-1,-1,-1,0,-1,-1,-1,-1,0,-1,-1,-1,-1,0,-1,-1,-1,-1,0,-1,-1,-1,-1,0
282,20,9/28/2016 6:57,107,ST4300,107.1647219,-1,-1,-1,-1,0,-1,-1,-1,-1,0,-1,-1,-1,-1,0,-1,-1,-1,-1,0,-1,-1,-1,-1,0,-1,-1,-1,-1,0
283,20,9/28/2016 8:07,109,ST4300,121.3246919,-1,-1,-1,-1,124.4670551,-1,-1,-1,-1,0,-1,-1,-1,-1,0,-1,-1,-1,-1,0,-1,-1,-1,-1,0,-1,-1,-1,-1,0
284,20,9/28/2016 16:27,112,ST4300,102.7897999,-1,-1,-1,-1,107.8837229,-1,-1,-1,-1,0,-1,-1,-1,-1,0,-1,-1,-1,-1,0,-1,-1,-1,-1,0,-1,-1,-1,-1,0
285,20,9/29/2016 1:27,118,ST4300,108.0672632,-1,-1,-1,-1,0,-1,-1,-1,-1,0,-1,-1,-1,-1,0,-1,-1,-1,-1,103.2043074,-1,-1,-1,-1,0,-1,-1,-1,-1,148.2038855
286,21,9/6/2016 21:44,12,ST4300,143.7583317,-1,-1,-1,-1,0,-1,-1,-1,-1,0,-1,-1,-1,-1,0,-1,-1,-1,-1,0,-1,-1,-1,-1,0,-1,-1,-1,-1,0
287,21,9/7/2016 0:24,13,ST4300,117.7918613,-1,-1,-1,-1,122.6210731,-1,-1,-1,-1,0,-1,-1,-1,-1,0,-1,-1,-1,-1,0,-1,-1,-1,-1,0,-1,-1,-1,-1,0
288,21,9/15/2016 13:06,43,ST4300,116.3821022,-1,-1,-1,-1,0,-1,-1,-1,-1,0,-1,-1,-1,-1,0,-1,-1,-1,-1,0,-1,-1,-1,-1,0,-1,-1,-1,-1,0
289,21,9/15/2016 18:26,60,ST4300,113.7889923,-1,-1,-1,-1,0,-1,-1,-1,-1,0,-1,-1,-1,-1,0,-1,-1,-1,-1,0,-1,-1,-1,-1,0,-1,-1,-1,-1,0
290,21,9/16/2016 8:56,44,ST4300,125.5903692,-1,-1,-1,-1,0,-1,-1,-1,-1,0,-1,-1,-1,-1,0,-1,-1,-1,-1,0,-1,-1,-1,-1,0,-1,-1,-1,-1,0
291,21,9/18/2016 7:30,45,ST4300,112.8957432,-1,-1,-1,-1,0,-1,-1,-1,-1,0,-1,-1,-1,-1,0,-1,-1,-1,-1,0,-1,-1,-1,-1,0,-1,-1,-1,-1,0
292,21,9/18/2016 16:40,46,ST4300,120.6022293,-1,-1,-1,-1,137.7777101,-1,-1,-1,-1,0,-1,-1,-1,-1,0,-1,-1,-1,-1,0,-1,-1,-1,-1,0,-1,-1,-1,-1,0
293,21,9/19/2016 18:50,49,ST4300,133.8388714,-1,-1,-1,-1,0,-1,-1,-1,-1,0,-1,-1,-1,-1,0,-1,-1,-1,-1,0,-1,-1,-1,-1,0,-1,-1,-1,-1,0
294,21,9/19/2016 23:40,51,ST4300,103.8394219,-1,-1,-1,-1,106.1575863,-1,-1,-1,-1,0,-1,-1,-1,-1,0,-1,-1,-1,-1,0,-1,-1,-1,-1,0,-1,-1,-1,-1,0
295,21,9/20/2016 6:10,53,ST4300,120.8587393,-1,-1,-1,-1,0,-1,-1,-1,-1,0,-1,-1,-1,-1,0,-1,-1,-1,-1,0,-1,-1,-1,-1,0,-1,-1,-1,-1,0
296,21,9/20/2016 16:00,55,ST4300,110.3182813,-1,-1,-1,-1,109.9296462,-1,-1,-1,-1,0,-1,-1,-1,-1,110.3558395,-1,-1,-1,-1,0,-1,-1,-1,-1,0,-1,-1,-1,-1,0
297,21,9/20/2016 20:40,75,ST4300,123.6832071,-1,-1,-1,-1,0,-1,-1,-1,-1,0,-1,-1,-1,-1,0,-1,-1,-1,-1,0,-1,-1,-1,-1,0,-1,-1,-1,-1,0
298,21,9/20/2016 22:20,60,ST4300,134.8114553,-1,-1,-1,-1,0,-1,-1,-1,-1,126.0805697,-1,-1,-1,-1,133.1108445,-1,-1,-1,-1,129.0757159,-1,-1,-1,-1,0,-1,-1,-1,-1,0
299,21,9/22/2016 5:00,63,ST4300,152.5500167,-1,-1,-1,-1,0,-1,-1,-1,-1,0,-1,-1,-1,-1,0,-1,-1,-1,-1,0,-1,-1,-1,-1,0,-1,-1,-1,-1,0
300,21,9/23/2016 0:10,84,ST4300,106.5243967,-1,-1,-1,-1,0,-1,-1,-1,-1,0,-1,-1,-1,-1,0,-1,-1,-1,-1,0,-1,-1,-1,-1,0,-1,-1,-1,-1,0
301,21,9/23/2016 20:50,64,ST4300,114.8870509,-1,-1,-1,-1,0,-1,-1,-1,-1,0,-1,-1,-1,-1,0,-1,-1,-1,-1,0,-1,-1,-1,-1,0,-1,-1,-1,-1,0
302,21,9/24/2016 7:00,65,ST4300,115.7649009,-1,-1,-1,-1,0,-1,-1,-1,-1,0,-1,-1,-1,-1,0,-1,-1,-1,-1,0,-1,-1,-1,-1,0,-1,-1,-1,-1,0
303,21,9/24/2016 10:00,66,ST4300,107.5419896,-1,-1,-1,-1,0,-1,-1,-1,-1,0,-1,-1,-1,-1,0,-1,-1,-1,-1,0,-1,-1,-1,-1,0,-1,-1,-1,-1,0
304,21,9/24/2016 16:20,67,ST4300,111.2740496,-1,-1,-1,-1,0,-1,-1,-1,-1,0,-1,-1,-1,-1,0,-1,-1,-1,-1,0,-1,-1,-1,-1,0,-1,-1,-1,-1,0
305,22,9/6/2016 8:06,1_.,ST4300,106.4015573,-1,-1,-1,-1,111.2152966,-1,-1,-1,-1,0,-1,-1,-1,-1,0,-1,-1,-1,-1,0,-1,-1,-1,-1,0,-1,-1,-1,-1,0
306,22,9/6/2016 23:46,3_.,ST4300,115.0048543,-1,-1,-1,-1,0,-1,-1,-1,-1,0,-1,-1,-1,-1,0,-1,-1,-1,-1,0,-1,-1,-1,-1,0,-1,-1,-1,-1,0
307,22,9/7/2016 17:06,4_.,ST4300,109.2228154,-1,-1,-1,-1,0,-1,-1,-1,-1,115.1616972,-1,-1,-1,-1,0,-1,-1,-1,-1,112.4194788,-1,-1,-1,-1,111.5047986,-1,-1,-1,-1,119.2120078
308,22,9/8/2016 3:58,14_.,ST4300,103.2328962,-1,-1,-1,-1,0,-1,-1,-1,-1,112.2394171,-1,-1,-1,-1,0,-1,-1,-1,-1,0,-1,-1,-1,-1,0,-1,-1,-1,-1,0
309,22,9/8/2016 7:08,16_.,ST4300,109.398779,-1,-1,-1,-1,0,-1,-1,-1,-1,0,-1,-1,-1,-1,0,-1,-1,-1,-1,0,-1,-1,-1,-1,0,-1,-1,-1,-1,0
310,22,9/8/2016 15:18,17_.,ST4300,105.0110984,-1,-1,-1,-1,0,-1,-1,-1,-1,101.5736421,-1,-1,-1,-1,0,-1,-1,-1,-1,0,-1,-1,-1,-1,0,-1,-1,-1,-1,0
311,22,9/9/2016 2:08,19_.,ST4300,102.1018225,-1,-1,-1,-1,102.3459708,-1,-1,-1,-1,102.4823168,-1,-1,-1,-1,0,-1,-1,-1,-1,0,-1,-1,-1,-1,0,-1,-1,-1,-1,0
312,22,9/9/2016 4:48,23_.,ST4300,110.8792223,-1,-1,-1,-1,138.7279033,-1,-1,-1,-1,0,-1,-1,-1,-1,0,-1,-1,-1,-1,0,-1,-1,-1,-1,0,-1,-1,-1,-1,0
313,22,9/9/2016 9:08,136_.,ST4300,123.4414126,-1,-1,-1,-1,123.7186661,-1,-1,-1,-1,118.2713189,-1,-1,-1,-1,0,-1,-1,-1,-1,0,-1,-1,-1,-1,0,-1,-1,-1,-1,0
314,22,9/9/2016 23:58,27_.,ST4300,111.6208406,-1,-1,-1,-1,0,-1,-1,-1,-1,0,-1,-1,-1,-1,0,-1,-1,-1,-1,0,-1,-1,-1,-1,0,-1,-1,-1,-1,0
315,22,9/10/2016 4:08,28_.,ST4300,121.3974415,-1,-1,-1,-1,117.9148137,-1,-1,-1,-1,114.3441811,-1,-1,-1,-1,0,-1,-1,-1,-1,0,-1,-1,-1,-1,0,-1,-1,-1,-1,0
316,22,9/10/2016 11:38,32_.,ST4300,102.2812816,-1,-1,-1,-1,0,-1,-1,-1,-1,0,-1,-1,-1,-1,0,-1,-1,-1,-1,0,-1,-1,-1,-1,0,-1,-1,-1,-1,0
317,22,9/10/2016 17:28,34_.,ST4300,101.6063196,-1,-1,-1,-1,102.9904273,-1,-1,-1,-1,102.8994482,-1,-1,-1,-1,106.8277628,-1,-1,-1,-1,0,-1,-1,-1,-1,0,-1,-1,-1,-1,0
318,22,9/10/2016 22:58,40_.,ST4300,116.2441042,-1,-1,-1,-1,109.9502268,-1,-1,-1,-1,109.5690182,-1,-1,-1,-1,117.5318011,-1,-1,-1,-1,0,-1,-1,-1,-1,0,-1,-1,-1,-1,0
319,22,9/11/2016 2:58,45_.,ST4300,172.8442392,-1,-1,-1,-1,0,-1,-1,-1,-1,0,-1,-1,-1,-1,0,-1,-1,-1,-1,0,-1,-1,-1,-1,0,-1,-1,-1,-1,0
320,22,9/13/2016 2:30,54_.,ST4300,112.6773103,-1,-1,-1,-1,0,-1,-1,-1,-1,0,-1,-1,-1,-1,0,-1,-1,-1,-1,0,-1,-1,-1,-1,0,-1,-1,-1,-1,0
321,22,9/13/2016 4:40,55_.,ST4300,115.9435314,-1,-1,-1,-1,106.7870335,-1,-1,-1,-1,110.2251389,-1,-1,-1,-1,0,-1,-1,-1,-1,0,-1,-1,-1,-1,0,-1,-1,-1,-1,0
322,22,9/13/2016 11:50,58_.,ST4300,107.7331638,-1,-1,-1,-1,107.0095076,-1,-1,-1,-1,0,-1,-1,-1,-1,0,-1,-1,-1,-1,0,-1,-1,-1,-1,0,-1,-1,-1,-1,0
323,22,9/14/2016 4:50,61_.,ST4300,108.5171042,-1,-1,-1,-1,103.4976354,-1,-1,-1,-1,0,-1,-1,-1,-1,0,-1,-1,-1,-1,0,-1,-1,-1,-1,0,-1,-1,-1,-1,113.4235593
324,22,9/16/2016 8:52,74_.,ST4300,104.0107413,-1,-1,-1,-1,0,-1,-1,-1,-1,0,-1,-1,-1,-1,0,-1,-1,-1,-1,0,-1,-1,-1,-1,0,-1,-1,-1,-1,0
325,22,9/17/2016 0:12,76_.,ST4300,120.7583901,-1,-1,-1,-1,0,-1,-1,-1,-1,0,-1,-1,-1,-1,0,-1,-1,-1,-1,0,-1,-1,-1,-1,0,-1,-1,-1,-1,0
326,22,9/17/2016 6:22,77_.,ST4300,107.7154098,-1,-1,-1,-1,0,-1,-1,-1,-1,0,-1,-1,-1,-1,0,-1,-1,-1,-1,0,-1,-1,-1,-1,0,-1,-1,-1,-1,0
327,22,9/17/2016 15:02,79_.,ST4300,129.261632,-1,-1,-1,-1,0,-1,-1,-1,-1,0,-1,-1,-1,-1,0,-1,-1,-1,-1,0,-1,-1,-1,-1,0,-1,-1,-1,-1,0
328,22,9/18/2016 2:24,81_.,ST4300,130.9064062,-1,-1,-1,-1,0,-1,-1,-1,-1,0,-1,-1,-1,-1,0,-1,-1,-1,-1,0,-1,-1,-1,-1,0,-1,-1,-1,-1,0
329,22,9/19/2016 2:14,82_.,ST4300,108.9231828,-1,-1,-1,-1,121.9497174,-1,-1,-1,-1,0,-1,-1,-1,-1,0,-1,-1,-1,-1,0,-1,-1,-1,-1,0,-1,-1,-1,-1,0
330,22,9/19/2016 12:44,84_.,ST4300,118.0976034,-1,-1,-1,-1,0,-1,-1,-1,-1,0,-1,-1,-1,-1,0,-1,-1,-1,-1,0,-1,-1,-1,-1,0,-1,-1,-1,-1,0
331,22,9/19/2016 16:34,86_.,ST4300,119.1502848,-1,-1,-1,-1,113.4526694,-1,-1,-1,-1,0,-1,-1,-1,-1,0,-1,-1,-1,-1,0,-1,-1,-1,-1,0,-1,-1,-1,-1,0
332,22,9/20/2016 2:04,89_.,ST4300,110.6224893,-1,-1,-1,-1,0,-1,-1,-1,-1,0,-1,-1,-1,-1,0,-1,-1,-1,-1,0,-1,-1,-1,-1,0,-1,-1,-1,-1,0
333,22,9/20/2016 13:24,92_.,ST4300,155.0646856,-1,-1,-1,-1,0,-1,-1,-1,-1,0,-1,-1,-1,-1,0,-1,-1,-1,-1,0,-1,-1,-1,-1,0,-1,-1,-1,-1,0
334,22,9/20/2016 20:44,97_.,ST4300,139.99986,-1,-1,-1,-1,0,-1,-1,-1,-1,0,-1,-1,-1,-1,0,-1,-1,-1,-1,0,-1,-1,-1,-1,0,-1,-1,-1,-1,0
335,22,9/20/2016 22:04,98_.,ST4300,106.0593926,-1,-1,-1,-1,132.2370436,-1,-1,-1,-1,113.4331638,-1,-1,-1,-1,0,-1,-1,-1,-1,0,-1,-1,-1,-1,0,-1,-1,-1,-1,0
336,22,9/23/2016 9:44,101_.,ST4300,122.1973332,-1,-1,-1,-1,0,-1,-1,-1,-1,0,-1,-1,-1,-1,0,-1,-1,-1,-1,0,-1,-1,-1,-1,0,-1,-1,-1,-1,0
337,22,9/24/2016 1:14,106_.,ST4300,100.0822014,-1,-1,-1,-1,0,-1,-1,-1,-1,0,-1,-1,-1,-1,0,-1,-1,-1,-1,0,-1,-1,-1,-1,0,-1,-1,-1,-1,0
338,22,9/24/2016 12:34,108_.,ST4300,98.66685507,-1,-1,-1,-1,0,-1,-1,-1,-1,0,-1,-1,-1,-1,0,-1,-1,-1,-1,0,-1,-1,-1,-1,0,-1,-1,-1,-1,0
339,22,9/25/2016 5:24,112_.,ST4300,101.654292,-1,-1,-1,-1,0,-1,-1,-1,-1,0,-1,-1,-1,-1,0,-1,-1,-1,-1,0,-1,-1,-1,-1,0,-1,-1,-1,-1,0
340,22,9/26/2016 1:44,118_.,ST4300,102.7782771,-1,-1,-1,-1,101.5395506,-1,-1,-1,-1,0,-1,-1,-1,-1,0,-1,-1,-1,-1,0,-1,-1,-1,-1,0,-1,-1,-1,-1,0
341,22,9/26/2016 20:24,120_.,ST4300,109.2351784,-1,-1,-1,-1,0,-1,-1,-1,-1,0,-1,-1,-1,-1,0,-1,-1,-1,-1,0,-1,-1,-1,-1,0,-1,-1,-1,-1,0
342,22,9/27/2016 4:24,124_.,ST4300,112.2462068,-1,-1,-1,-1,0,-1,-1,-1,-1,0,-1,-1,-1,-1,105.7865447,-1,-1,-1,-1,0,-1,-1,-1,-1,0,-1,-1,-1,-1,0
343,22,9/27/2016 8:04,127_.,ST4300,116.6682429,-1,-1,-1,-1,0,-1,-1,-1,-1,116.0810707,-1,-1,-1,-1,0,-1,-1,-1,-1,0,-1,-1,-1,-1,103.6898334,-1,-1,-1,-1,0
344,22,9/27/2016 20:14,130_.,ST4300,110.2442036,-1,-1,-1,-1,0,-1,-1,-1,-1,113.4062121,-1,-1,-1,-1,0,-1,-1,-1,-1,107.6549287,-1,-1,-1,-1,0,-1,-1,-1,-1,0
